id, Label
0,Afrika Bambaataa
1,100 Kila
2,100s
3,12 Gauge
4,2 Chainz
5,2 Pistols
6,2$ Fabo
7,21 Savage
8,2Mex
9,360
10,40 Glocc
11,50 Cent
12,6lack
13,6ix9ine
14,The 6th Letter
15,9th Wonder
16,Andre 3000
17,Big Boi
18,A.CHAL
19,Arabian Prince
20,A Boogie wit da Hoodie
21,Abstract Rude
22,Ace Hood
23,Aceyalone
24,Action Bronson
25,Adam Saleh
26,Aesop Rock
27,Afrika Bambaataa
28,Afroman
29,Agallah
30,Ahmad
31,Ajs Nigrutin
32,Akala
33,Akinyele
34,Akir
35,Akon
36,The Alchemist
37,Ali Vegas
38,Alpha
39,AMG
40,Amil
41,Ampichino
42,Anderson .Paak
43,Andre Nickatina
44,Andy Mineo
45,Angel Haze
46,Angie Martinez
47,Ant
48,Ant Banks
49,Antoinette
50,Anybody Killa
51,Apache
52,Apathy
53,Arin Hanson
54,A$AP Ferg
55,A$AP Nast
56,A$AP Rocky
57,A$AP Yams
58,A$Ton Matthews
59,Asher Roth
60,Astronautalis
61,Awol One
62,Awkwafina
63,AZ
64,Azealia Banks
65,Big Daddy Kane
66,Busta Rhymes
67,B.G.
68,B.G. Knocc Out
69,B.o.B
70,Baby Bash
71,Baby Boy da Prince
72,Baby D
73,Bad Azz
74,Badshah
75,Baeza
76,Bahamadia
77,Bangladesh
78,Bas
79,Battlecat
80,Beanie Sigel
81,Becky G
82,Benny Blanco
83,Beenzino
84,Benzino
85,Big Boi
86,Big Daddy Kane
87,Big Ed
88,Big Gipp
89,Big Hawk
90,Big K.R.I.T.
91,Big Kuntry King
92,Big L
93,Big Lurch
94,Big Mello
95,Big Mike
96,Big Moe
97,Big Noyd
98,Big Pokey
99,Big Pooh
100,Big Pun
101,Big Reese
102,Big Scoob
103,Big Smo
104,Big Sean
105,Big Shaq
106,Big Shug
107,Big Syke
108,Bigg D
109,Billy Woods
110,Birdman
111,Bishop Nehru
112,Biz Markie
113,Bizarre
114,Bugz
115,Bizzy
116,Bizzy Bone
117,BJ the Chicago Kid
118,Black Milk
119,Black Rob
120,Black Thought
121,Blade Icewood
122,Blaq Poet
123,Blaze Ya Dead Homie
124,Blood Raw
125,Blu
126,Bob Doe
127,Bobby Brackins
128,Bobby Creekwater
129,Bobby Shmurda
130,Bohemia
131,Boldy James
132,Bone Crusher
133,Booba
134,Boondox
135,Boosie Badazz
136,Boss
137,Bow Wow
138,Braille
139,Brandun DeShay
140,Brianna Perry
141,Brisco
142,Brotha Lynch Hung
143,Bruno Mars
144,Brother Ali
145,Bryson Tiller
146,Bubba Sparxxx
147,Buckshot
148,Buckwild
149,Bumpy Knuckles
150,Bun B
151,Busdriver
152,Bushwick Bill
153,Busta Rhymes
154,Busy Bee Starski
155,Butch Cassidy
156,Common
157,Cage
158,Canibus
159,Capital Steez
160,Capone
161,Cappadonna
162,Cardi B
163,Casey Veggies
164,Cash Out
165,Cashis
166,Caskey
167,Casper Nyovest
168,Cassidy
169,Cazwell
170,CeeLo Green
171,Cellski
172,Celly Cel
173,Celph Titled
174,Cesar Comanche
175,Ceza
176,Chamillionaire
177,Chance the Rapper
178,Chanel West Coast
179,Channel 7
180,Charizma
181,Charles Hamilton
182,Charli Baltimore
183,Chevy Woods
184,Chi Ali
185,Chiddy Bang
186,Chief Keef
187,Childish Gambino
188,Chill Rob G
189,Chingy
190,Chingo Bling
191,Chino XL
192,Chinx
193,Chip
194,Choice
195,Choppa
196,Chris Brown
197,Chris Webby
198,Christopher Martin
199,Christopher Reid
200,Chubb Rock
201,CJ Fly
202,CL
203,CL Smooth
204,Classified
205,Clinton Sparks
206,Clyde Carson
207,Cold 187um
208,Common
209,Consequence
210,Cool Breeze
211,Cool C
212,Coolio
213,Copywrite
214,Cormega
215,Cory Gunz
216,Cordaro Stewart
217,Count Bass D
218,The Coup
219,Craig Mack
220,Crime Boss
221,Criminal Manne
222,Crooked I
223,Crucial Star
224,Cupcakke
225,Currensy
226,Curtiss King
227,Cyhi the Prynce
228,Del Tha Funkee Homosapien
229,Dr. Dre
230,The D.O.C.
231,Da Brat
232,Da$h
233,Dae Dae
234,Damu the Fudgemunk
235,Dan Bull
236,Dana Dane
237,Danny Boy
238,Danny Brown
239,Dappy
240,Dave East
241,Daveed Diggs
242,David Banner
243,David Dallas
244,David Rush
245,David Stones
246,Daz Dillinger
247,Dazzie Dee
248,Dee Barnes
249,Dee Dee King
250,Dej Loaf
251,Delyric Oracle
252,Del the Funky Homosapien
253,Demrick
254,Deniro Farrar
255,Denzel Curry
256,Derek Minor
257,Desiigner
258,Detail
259,Deuce
260,Dev
261,Devin the Dude
262,Devlin
263,Diabolic
264,Diamond
265,Diamond D
266,Diggy Simmons
267,Dillon Cooper
268,Disco D
269,Dizzee Rascal
270,Dizzy Wright
271,DJ Cash Money
272,DJ Casper
273,DJ Clay
274,DJ Drama
275,DJ Felli Fel
276,DJ Fuze
277,DJ Green Lantern
278,DJ Head
279,DJ Hurricane
280,DJ Kay Slay
281,DJ Khaled
282,DJ Krush
283,DJ Mustard
284,DJ Paul
285,DJ Pooh
286,DJ Premier
287,DJ Quik
288,DJ Screw
289,DJ Shadow
290,DJ Yella
291,DMX
292,Doap Nixon
293,Doe B
294,Dok2
295,Dolla
296,Dom Kennedy
297,Dominique Young Unique
298,Domino
299,Domo Genesis
300,Don Cannon
301,Donnis
302,Dorrough
303,Doseone
304,Doug E. Fresh
305,Doughbeezy
306,Dr. Dre
307,Drake
308,Dres
309,Dresta
310,Drew Deezy
311,Driicky Graham
312,Dru Down
313,Drumma Boy
314,Dumbfoundead
315,Duncan Mighty
316,Eve
317,E.D.I. Mean
318,E.S.G.
319,Earl Sweatshirt
320,Easy Mo Bee
321,Ed O.G.
322,Edo Maajka
323,El Da Sensei
324,Elephant Man
325,Elzhi
326,Emcee N.I.C.E.
327,Eminem
328,Eric Biddines
329,Erick Arc Elliott
330,Erick Sermon
331,Eric Stanley
332,Esham
333,Esoteric
334,Eve
335,Evidence
336,Eyedea
337,Ghostface Killah
338,Fabolous
339,Fabri Fibra
340,Famous Dex
341,Fashawn
342,Fat Joe
343,Fat Pat
344,Fat Trel
345,Fatboi
346,Father MC
347,Fatman Scoop
348,Fergie
349,Fetty Wap
350,Fiend
351,FLAME
352,Flavor Flav
353,Flo Rida
354,Flying Lotus
355,Focus...
356,Fonzworth Bentley
357,Fort Minor
358,Foxx
359,Foxy Brown
360,Frank Ocean
361,Frankie J
362,Frayser Boy
363,Freak Nasty
364,Freaky Tah
365,Freddie Foxxx
366,Freddie Gibbs
367,Fredo Santana
368,Fredro Starr
369,Fredwreck
370,Free
371,Freekey Zekey
372,Freeway
373,French Montana
374,Frenkie
375,Fresh Kid Ice
376,Froggy Fresh
377,Frost
378,Full Blooded
379,Funkmaster Flex
380,Future
381,Grandmaster Caz
382,Grandmaster Flash
383,G. Dep
384,Gaeko
385,The Game
386,Gang Starr
387,Gangsta Blac
388,Gangsta Boo
389,Gary
390,Gee Money
391,General Woo
392,Ghostface Killah
393,Giggs
394,Gilbere Forte
395,Glasses Malone
396,GLC
397,Goldie Loc
398,GoldLink
399,Gorilla Zoe
400,Grafh
401,Grand Puba
402,Grandmaster Caz
403,Grandmaster Flash
404,Greydon Square
405,Grieves
406,Gucci Mane
407,Gudda Gudda
408,Guerilla Black
409,Guilty Simpson
410,Gunplay
411,Guru
412,GZA
413,Half a Mill
414,Hard Kaur
415,Hasan Salaam
416,Havoc
417,Heavy D
418,Heize
419,Hemlock Ernst
420,Hittman
421,Hodgy Beats
422,Honey Cocaine
423,Hoodie Allen
424,Hopsin
425,Hot Dollar
426,Huey
427,Hurricane Chris
428,Hurricane G
429,Hush
430,Hussein Fatal
431,Ice Cube
432,Iamsu!
433,Ice Cube
434,Iggy Azalea
435,IHeartMemphis
436,Ill Bill
437,Illmind
438,ILoveMakonnen
439,Immortal Technique
440,Imran Khan
441,Indo G
442,Inspectah Deck
443,Isaiah Rashad
444,Iyanya
445,Iyaz
446,Kanye West
447,Kendrick Lamar
448,J Dilla
449,J. Cole
450,J. Stalin
451,J. Valentine
452,J.I.D
453,J.R. Rotem
454,J.R. Writer
455,Ja Rule
456,Jack Parow
457,The Jacka
458,Jadakiss
459,Jaden Smith
460,Jae Millz
461,Jahlil Beats
462,Jake Miller
463,Jake One
464,Jam Master Jay
465,Jamal
466,Jamal Woolard
467,Jamie Foxx
468,Jarren Benton
469,Jay Burna
470,Jay Electronica
471,Jay Park
472,Jay Rock
473,Jay Z
474,Jayo Felony
475,Jazz Cartier
476,Jazze Pha
477,Jean Grae
478,Jeremiah Jae
479,Jeremih
480,Jermaine Dupri
481,Jeru the Damaja
482,Jewell
483,Jibbs
484,Jim Jones
485,Jim Jonsin
486,Jipsta
487,Jme
488,Joe Budden
489,Joell Ortiz
490,Joey Badass
491,John Cena
492,Joji Miller
493,Jon Connor
494,Joyner Lucas
495,JT Money
496,JT the Bigga Figga
497,Juelz Santana
498,Juicy J
499,Junhyung
500,Jus Allah
501,Just Ice
502,Juvenile
503,Kurtis Blow
504,Lauryn Hill
505,K Camp
506,K.E. on the Track
507,K7
508,Kafani
509,Kam
510,Kangol Kid
511,Kanye West
512,Kap G
513,Kardinal Offishall
514,Kastro
515,Kat Dahlia
516,Katie Got Bandz
517,KB
518,Keak da Sneak
519,Keith Ape
520,Keith Murray
521,Malcolm David Kelley
522,Kendrick Lamar
523,Kent Jones
524,Kerser
525,Kevin Abstract
526,Kevin Gates
527,Kevin McCall
528,Khia
529,Khleo
530,Kia Shine
531,Kid Capri
532,Kid Cudi
533,Kid Frost
534,Kid Ink
535,Kid Rock
536,Kid Sister
537,Kidd Kidd
538,Killah Priest
539,Killer Mike
540,Kilo Ali
541,King Chip
542,King Gordy
543,King L
544,King Tee
545,Kirk Knight
546,Kirko Bangz
547,Kitty
548,Knero
549,KO
550,Kodak Black
551,Kokane
552,Kool A.D
553,Kool G Rap
554,Kool Keith
555,Kool Moe Dee
556,Koolade
557,KSI
558,Krayzie Bone
559,Kreayshawn
560,Krizz Kaliko
561,Kung Fu Vampire
562,Kurious
563,Kurtis Blow
564,Kurupt
565,Kutt Calhoun
566,Kyle
567,Lil Wayne
568,L.T. Hutton
569,La Chat
570,La the Darkman
571,Lady Luck
572,The Lady of Rage
573,Lakey The Kid
574,Lakim Shabazz
575,Lakutis
576,Large Professor
577,Lauryn Hill
578,Lazarus
579,LE
580,Lecrae
581,Left Brain
582,Lex Luger
583,Lil B
584,Lil Bibby
585,Lil Debbie
586,Lil Dicky
587,Lil Durk
588,Lil Flip
589,Lil Herb
590,Lil Jon
591,Lil Mama
592,Lil Peep
593,Lil Phat
594,Lil Pump
595,Lil Reese
596,Lil Ric
597,Lil Ru
598,Lil Scrappy
599,Lil Skies
600,Lil Twist
601,Lil Uzi Vert
602,Lil Wayne
603,Lil Wyte
604,Lil Xan
605,Lil Yachty
606,Lil Zane
607,Lin Que
608,Lisa Lopes
609,LL Cool J
610,Lloyd Banks
611,Locksmith
612,Logic
613,LoLa Monroe
614,Loon
615,Lord Finesse
616,Lord Have Mercy
617,Lord Infamous
618,Lord Jamar
619,Los
620,Louis Logic
621,Lovebug Starski
622,LoveRance
623,Lowkey
624,LRoc
625,Ludacris
626,Luis Resto
627,Luni Coleone
628,Lupe Fiasco
629,Luther Campbell
630,MC Lyte
631,Melle Mel
632,MF Doom
633,M Trill
634,M.I.A.
635,Mac
636,Mac Dre
637,Mac Lethal
638,Mac Mall
639,Mac Miller
640,Mac Minister
641,Machine Gun Kelly
642,Mack 10
643,Mack Maine
644,Macklemore
645,Mad Lion
646,Madchild
647,Madlib
648,Maejor Ali
649,Magic
650,Magneto Dayo
651,Magnolia Shorty
652,Maino
653,Manafest
654,Mann
655,Mannie Fresh
656,Mark Battles
657,Marley Marl
658,Marvaless
659,Marz
660,Mase
661,Masspike Miles
662,Masta Ace
663,Masta Killa
664,Master P
665,Master Shortie
666,Matt Toka
667,Max B
668,MC Breed
669,MC Eiht
670,MC Frontalot
671,MC Hammer
672,MC Jin
673,MC Lyte
674,MC Mong
675,MC Pressure
676,MC Ren
677,MC Ride
678,MC Serch
679,MC Shan
680,MC Solaar
681,MC Trouble
682,MC Tunes
683,Meechy Darko
684,Meek Mill
685,Melle Mel
686,Mellow Man Ace
687,Memphis Bleek
688,Messy Marv
689,Method Man
690,Metro Boomin
691,MF Doom
692,MF Grimm
693,Mia X
694,Mic Geronimo
695,Mick Jenkins
696,Mickey Factz
697,Mike Dean
698,Mike G
699,Mike Jones
700,Mike Posner
701,Mike Shinoda
702,Mike Stud
703,Mike Will Made It
704,Mike Zombie
705,Milo
706,Mims
707,Mino
708,Miryo
709,Missy Elliott
710,Mista Grimm
711,Mistah F.A.B.
712,Mister Cee
713,Mitchy Slick
714,Mo B. Dick
715,Mod Sun
716,Monie Love
717,Mopreme Shakur
718,Mos Def
719,Mr. Cheeks
720,Mr. Collipark
721,Mr. Criminal
722,Mr. Lif
723,Mr. Porter
724,Mr. Short Khop
725,Ms. Jade
726,Murphy Lee
727,Murs
728,Mystikal
729,Myzery
730,Montana of 300
731,Nas
732,Nicki Minaj
733,NBA YoungBoy
734,N.O. Joe
735,N.O.R.E.
736,Napoleon
737,Nas
738,Nate Dogg
739,Nature
740,Nav
741,Nebu Kiniza
742,Necro
743,Needlz
744,Nelly
745,NF
746,Nick Cannon
747,Nicki Minaj
748,Nicky da B
749,Nicole Wray
750,Nikki D
751,Nipsey Hussle
752,Nitty
753,NoClue
754,No Malice
755,Noname
756,Nonchalant
757,The Notorious B.I.G.
758,Nottz
759,Nujabes
760,Nump
761,Numskull
762,Nyzzy Nyce
763,Obie Trice
764,Oddisee
765,Offset
766,OG Maco
767,Oh No
768,OJ da Juiceman
769,Olamide
770,Olivia
771,Omarion
772,Omega Red
773,Omillio Sparks
774,One Be Lo
775,Oneya
776,Open Mike Eagle
777,Psy
778,P. Reign
779,P.C.T
780,Papa Reu
781,Papoose
782,Paris
783,PARTYNEXTDOOR
784,Pastor Troy
785,Paul Wall
786,Peedi Peedi
787,Peewee Longway
788,Pacewon
789,Percee P
790,Petey Pablo
791,Pharoahe Monch
792,Pharrell Williams
793,Phat Kat
794,Phife Dawg
795,Philthy Rich
796,Phyno
797,Pill
798,Pimp C
799,Pitbull
800,Planet Asia
801,Planetary
802,Plies
803,Playboi Carti
804,PnB Rock
805,PNC
806,Porta
807,Positive K
808,Post Malone
809,Pras
810,Prince Ital Joe
811,Prince Paul
812,Prince Po
813,Problem
814,Prodigy
815,Professor Green
816,Project Pat
817,Proof
818,Prozak
819,Psy
820,Pusha T
821,Queen Latifah
822,Quan
823,Quavo
824,Quazedelic
825,Queen Latifah
826,Queen Pen
827,The Quiett
828,Quincy Jones III
829,Qwazaar
830,Qwel
831,Rakim
832,RZA
833,R. Kelly
834,R.A. the Rugged Man
835,Raekwon
836,Rah Digga
837,Rahzel
838,Rakim
839,Rampage
840,Rap Monster
841,Rapsody
842,Ramey Dawoud
843,Ras Kass
844,Rasheeda
845,Ravi
846,Ray Cash
847,Ray J
848,Ray Luv
849,Raz Fresco
850,RBX
851,The Real Roxanne
852,Really Doe
853,Red Spyda
854,Redfoo
855,Redman
856,Reef the Lost Cauze
857,Reema Major
858,Reks
859,Remy Ma
860,Rhymefest
861,Rich Boy
862,Rich Brian
863,Rich Homie Quan
864,Rich The Kid
865,Richie Rich
866,Rick Rock
867,Rick Ross
868,Rico Love
869,Riff Raff
870,Rittz
871,RJ
872,RJD2
873,Rob Sonic
874,Rob Stone
875,Roc Marciano
876,Rockie Fresh
877,Rocko
878,Roger Troutman
879,Romeo Miller
880,Ronnie Radke
881,Roots Manuva
882,Roscoe
883,Roscoe Dash
884,Rowdy Rebel
885,Russ
886,Rucka Rucka Ali
887,Rydah J. Klyde
888,Rye Rye
889,RZA
890,Roy Woods
891,Slick Rick
892,Snoop Dogg
893,Saafir
894,Sabac Red
895,Sacario
896,Sadat X
897,Sadistik
898,Sage Francis
899,Sage the Gemini
900,Saigon
901,Sam Sneed
902,Sammy Adams
903,San E
904,San Quinn
905,Sarkodie
906,Sauce Money
907,Savage
908,Scarface
909,Schoolboy Q
910,Schoolly D
911,Scott Storch
912,Scotty
913,Scram Jones
914,Scribe
915,Scrilla
916,Scrufizzer
917,Sean Combs
918,Sean Paul
919,Sean Price
920,Sean T
921,Serius Jones
922,Sev Statik
923,Sha Money XL
924,Shabazz the Disciple
925,Shad
926,Shade Sheist
927,Shady Nate
928,Shaggy
929,Shaggy 2 Dope
930,Shawnna
931,Shawty Lo
932,Sheek Louch
933,Shing02
934,Sho Baraka
935,Shock G
936,Shorty
937,Shorty Mack
938,Shwayze
939,Shy Glizzy
940,Shyheim
941,Shyne
942,Silkk the Shocker
943,Silla
944,Simon D
945,Sir Jinx
946,Sirah
947,Skeme
948,Skinnyman
949,Ski Mask the Slump God
950,Skyzoo
951,SL Jones
952,Sleepy Brown
953,Slick Rick
954,Slim Thug
955,Slug
956,Smitty
957,Smoke DZA
958,Smooth
959,Smoothe da Hustler
960,Snoop Dogg
961,Snootie Wild
962,Snow Tha Product
963,Sole
964,Solzilla
965,Sonny Digital
966,SonReal
967,Sonsee
968,Soopafly
969,Soulja Boy
970,Soulja Slim
971,South Park Mexican
972,Southside
973,SpaceGhostPurrp
974,Special Ed
975,Spice 1
976,Spider Loc
977,Spoonie Gee
978,Spose
979,Spot
980,Stalley
981,Starlito
982,Stat Quo
983,Static Major
984,Statik Selektah
985,Steady B
986,Stevie Joe
987,Stevie Stone
988,Stezo
989,Stitches
990,Sticky Fingaz
991,Stoka
992,Stoupe the Enemy of Mankind
993,Stretch
994,Styles P
995,Substantial
996,Suga Free
997,Suffa
998,Swagg Man
999,Sweet Tee
1000,Swings
1001,Swizz Beatz
1002,SwizZz
1003,Syd Tha Kyd
1004,SZA
1005,T.I.
1006,T La Rock
1007,T. Mills
1008,T.I.
1009,T.O.P
1010,Tabi Bonney
1011,Tablo
1012,Taio Cruz
1013,Talib Kweli
1014,Target
1015,Tay Dizm
1016,TD Cruze
1017,Tech N9ne
1018,Tedashii
1019,TeeFlii
1020,Tee Grizzley
1021,Tekitha
1022,Tela
1023,Termanology
1024,Terrace Martin
1025,Teyana Taylor
1026,Tha Chill
1027,Tha City Paper
1028,Tha Trademarc
1029,Theophilus London
1030,Tiffany Foxx
1031,Tim Dog
1032,Timaya
1033,Timbaland
1034,Timbe
1035,Tinie Tempah
1036,TobyMac
1037,Tone Trump
1038,Tonedeff
1039,Toni Blackman
1040,Tony Yayo
1041,Too Short
1042,Tory Lanez
1043,Tracey Lee
1044,Trae tha Truth
1045,Tragedy Khadafi
1046,Travis Scott
1047,Traxamillion
1048,Tray Deee
1049,Treach
1050,Trey Songz
1051,Trick Daddy
1052,Trina
1053,Trinidad James
1054,Trip Lee
1055,Trippie Redd
1056,Tristan Wilds
1057,Troy Ave
1058,Tupac Shakur
1059,Turf Talk
1060,Turk
1061,Tweedy Bird Loc
1062,Twista
1063,Twisted Insane
1064,Ty Dolla Sign
1065,Tyga
1066,Tyler Joseph
1067,Tyra Bolling
1068,Verbal Jint
1069,Ugly God
1070,Uncle Murda
1071,Unk
1072,U$O
1073,Wyclef Jean
1074,V.I.C.
1075,Vado
1076,Vakill
1077,Val Young
1078,Valete
1079,Vanilla Ice
1080,Vast Aire
1081,Verbal Jint
1082,Verse Simmonds
1083,Vic Mensa
1084,Vince Staples
1085,Vinnie Paz
1086,Violent J
1087,VL Mike
1088,Xzibit
1089,Waka Flocka Flame
1090,Wale
1091,Warren G
1092,Warryn Campbell
1093,Watsky
1094,WC
1095,Webbie
1096,Westside Gunn
1097,Wikluh Sky
1098,Will Smith
1099,will.i.am
1100,Willie D
1101,Willie the Kid
1102,Willow Smith
1103,Willy Northpole
1104,Wish Bone
1105,Witchdoctor
1106,Wiz Khalifa
1107,Wizkid
1108,Wrekonize
1109,Wyclef Jean
1110,XV
1111,Xzibit
1112,XXXTentacion
1113,Young Jeezy
1114,Ya Boy
1115,Yaki Kadafi
1116,Yazz The Greatest
1117,YC
1118,YDG
1119,Yelawolf
1120,YFN Lucci
1121,YG
1122,Yo Gotti
1123,Yo Yo Honey Singh
1124,Young Bleed
1125,Young Buck
1126,Young Chop
1127,Young Chris
1128,Young Dolph
1129,Young Dre the Truth
1130,Young Dro
1131,Young Greatness
1132,Young Jeezy
1133,Young M.A
1134,Young Maylay
1135,Young MC
1136,Young Noble
1137,Young Scooter
1138,Young Thug
1139,Your Old Droog
1140,Yubin
1141,Yukmouth
1142,Yung Berg
1143,Yung Joc
1144,Yung L.A.
1145,Yung Lean
1146,Yung Ro
1147,Yung Wun
1148,Yung6ix
1149,YZ
1150,Zaytoven
1151,Zebra Katz
1152,Zelooperz
1153,Zico
1154,Zombie Juice
